variant,task,model,seed,peft,peft_type,type,metric_key,metric_value,trainable_params_count,train_time,avg_memory_allocated_mb,max_memory_allocated_mb,avg_memory_reserved_mb,max_memory_reserved_mb,train_samples_per_second,train_steps_per_second,total_flos,rank,lora_alpha,lora_dropout,lora_ranks,model_family,file
fft,cola,deberta,123,lora,lora,0,eval_matthews_correlation,0.6458160430668494,184.423682,188.7318,3030.764544,3030.764544,8113.881087999999,8113.881088,135.923,2.13,1692360593375232.0,8,16,0.05,"[8, 4, 2, 1]",deberta,results/fft/task_cola_deberta_123/base_32_5e-05_0.01/peft_lora_16_0.05_8/metrics.json
fft,cola,deberta,2024,lora,lora,0,eval_matthews_correlation,0.6604392357653502,184.423682,191.0125,3024.0,3024.0,8516.534272,8516.534272,134.3,2.105,1692360593375232.0,8,16,0.05,"[8, 4, 2, 1]",deberta,results/fft/task_cola_deberta_2024/base_32_5e-05_0.01/peft_lora_16_0.05_8/metrics.json
fft,cola,deberta,42,lora,lora,0,eval_matthews_correlation,0.667573271492941,184.423682,187.1818,3029.715968,3029.715968,8113.881087999999,8113.881088,137.049,2.148,1692360593375232.0,8,16,0.05,"[8, 4, 2, 1]",deberta,results/fft/task_cola_deberta_42/base_32_5e-05_0.01/peft_lora_16_0.05_8/metrics.json
fft,mnli,deberta,123,lora,lora,0,matched_accuracy,0.891492613346918,184.424451,8029.313,3036.70016,3036.70016,8126.464,8126.464,146.726,2.293,7.74956561423401e+16,8,16,0.05,"[8, 4, 2, 1]",deberta,results/fft/task_mnli_deberta_123/base_32_5e-05_0.01/peft_lora_16_0.05_8/metrics.json
fft,mnli,deberta,2024,lora,lora,0,matched_accuracy,0.8960774325012736,184.424451,7899.9945,3015.822848,3015.822848,8134.852608,8134.852608,149.127,2.33,7.74956561423401e+16,8,16,0.05,"[8, 4, 2, 1]",deberta,results/fft/task_mnli_deberta_2024/base_32_5e-05_0.01/peft_lora_16_0.05_8/metrics.json
fft,mnli,deberta,42,lora,lora,0,matched_accuracy,0.8921039225674987,184.424451,8012.7748,3035.9132159999995,3035.913216,7732.199424000001,7732.199424,147.028,2.297,7.74956561423401e+16,8,16,0.05,"[8, 4, 2, 1]",deberta,results/fft/task_mnli_deberta_42/base_32_5e-05_0.01/peft_lora_16_0.05_8/metrics.json
fft,mrpc,deberta,123,lora,lora,0,eval_accuracy,0.8848039215686274,184.423682,93.0564,3024.524288,3024.524288,8109.686784,8109.686784,118.251,1.87,732514322743296.0,8,16,0.05,"[8, 4, 2, 1]",deberta,results/fft/task_mrpc_deberta_123/base_32_5e-05_0.01/peft_lora_16_0.05_8/metrics.json
fft,mrpc,deberta,2024,lora,lora,0,eval_accuracy,0.8946078431372549,184.423682,89.8501,3030.764544,3030.764544,8113.881087999999,8113.881088,122.471,1.937,732514322743296.0,8,16,0.05,"[8, 4, 2, 1]",deberta,results/fft/task_mrpc_deberta_2024/base_32_5e-05_0.01/peft_lora_16_0.05_8/metrics.json
fft,mrpc,deberta,42,lora,lora,0,eval_accuracy,0.8970588235294118,184.423682,89.7158,3029.715968,3029.715968,8113.881087999999,8113.881088,122.654,1.939,732514322743296.0,8,16,0.05,"[8, 4, 2, 1]",deberta,results/fft/task_mrpc_deberta_42/base_32_5e-05_0.01/peft_lora_16_0.05_8/metrics.json
fft,qnli,deberta,123,lora,lora,0,eval_accuracy,0.9348343401061687,184.423682,2165.1549,3036.687872,3036.687872,8126.464,8126.464,145.13,2.268,2.067458528850739e+16,8,16,0.05,"[8, 4, 2, 1]",deberta,results/fft/task_qnli_deberta_123/base_32_5e-05_0.01/peft_lora_16_0.05_8/metrics.json
fft,qnli,deberta,2024,lora,lora,0,eval_accuracy,0.9395936298736958,184.423682,2153.5149,3036.687872,3036.687872,8126.464,8126.464,145.914,2.28,2.067458528850739e+16,8,16,0.05,"[8, 4, 2, 1]",deberta,results/fft/task_qnli_deberta_2024/base_32_5e-05_0.01/peft_lora_16_0.05_8/metrics.json
fft,qnli,deberta,42,lora,lora,0,eval_accuracy,0.9368478857770456,184.423682,2122.8564,3035.90144,3035.90144,7732.199424000001,7732.199424,148.022,2.313,2.067458528850739e+16,8,16,0.05,"[8, 4, 2, 1]",deberta,results/fft/task_qnli_deberta_42/base_32_5e-05_0.01/peft_lora_16_0.05_8/metrics.json
fft,qqp,deberta,123,lora,lora,0,eval_accuracy,0.9230274548602523,184.423682,7529.218,3035.90144,3035.90144,7732.199424000001,7732.199424,144.974,2.266,7.181166206307533e+16,8,16,0.05,"[8, 4, 2, 1]",deberta,results/fft/task_qqp_deberta_123/base_32_5e-05_0.01/peft_lora_16_0.05_8/metrics.json
fft,qqp,deberta,2024,lora,lora,0,eval_accuracy,0.9227059114518922,184.423682,7532.0173,3036.687872,3036.687872,8126.464,8126.464,144.92,2.265,7.181166206307533e+16,8,16,0.05,"[8, 4, 2, 1]",deberta,results/fft/task_qqp_deberta_2024/base_32_5e-05_0.01/peft_lora_16_0.05_8/metrics.json
fft,qqp,deberta,42,lora,lora,0,eval_accuracy,0.9210981944100916,184.423682,7444.0945,3036.687872,3036.687872,8126.464,8126.464,146.631,2.291,7.181166206307533e+16,8,16,0.05,"[8, 4, 2, 1]",deberta,results/fft/task_qqp_deberta_42/base_32_5e-05_0.01/peft_lora_16_0.05_8/metrics.json
fft,rte,deberta,123,lora,lora,0,eval_accuracy,0.7870036101083032,184.423682,65.7238,3026.4642560000007,3026.464256,7728.005119999999,7728.00512,113.657,1.78,492552704753664.0,8,16,0.05,"[8, 4, 2, 1]",deberta,results/fft/task_rte_deberta_123/base_32_5e-05_0.01/peft_lora_16_0.05_8/metrics.json
fft,rte,deberta,2024,lora,lora,0,eval_accuracy,0.8050541516245487,184.423682,64.5574,3021.878272,3021.878272,8499.757056,8499.757056,115.711,1.812,492552704753664.0,8,16,0.05,"[8, 4, 2, 1]",deberta,results/fft/task_rte_deberta_2024/base_32_5e-05_0.01/peft_lora_16_0.05_8/metrics.json
fft,rte,deberta,42,lora,lora,0,eval_accuracy,0.8014440433212996,184.423682,65.6903,3028.481536,3028.481536,8109.686784,8109.686784,113.715,1.781,492552704753664.0,8,16,0.05,"[8, 4, 2, 1]",deberta,results/fft/task_rte_deberta_42/base_32_5e-05_0.01/peft_lora_16_0.05_8/metrics.json
fft,sst2,deberta,123,lora,lora,0,eval_accuracy,0.9587155963302753,184.423682,1391.1022,3035.90144,3035.90144,7732.199424000001,7732.199424,145.242,2.271,1.3298923581997056e+16,8,16,0.05,"[8, 4, 2, 1]",deberta,results/fft/task_sst2_deberta_123/base_32_5e-05_0.01/peft_lora_16_0.05_8/metrics.json
fft,sst2,deberta,2024,lora,lora,0,eval_accuracy,0.9541284403669725,184.423682,1391.3589,3022.007808,3022.007808,8134.852608,8134.852608,145.216,2.27,1.3298923581997056e+16,8,16,0.05,"[8, 4, 2, 1]",deberta,results/fft/task_sst2_deberta_2024/base_32_5e-05_0.01/peft_lora_16_0.05_8/metrics.json
fft,sst2,deberta,42,lora,lora,0,eval_accuracy,0.9575688073394495,184.423682,1390.7094,3037.474304,3037.474304,8126.464,8126.464,145.283,2.272,1.3298923581997056e+16,8,16,0.05,"[8, 4, 2, 1]",deberta,results/fft/task_sst2_deberta_42/base_32_5e-05_0.01/peft_lora_16_0.05_8/metrics.json
fft,stsb,deberta,123,lora,lora,0,eval_pearson,0.9023640739894111,184.422913,117.7908,3033.114624,3033.114624,8126.464,8126.464,146.421,2.292,1136649975103488.0,8,16,0.05,"[8, 4, 2, 1]",deberta,results/fft/task_stsb_deberta_123/base_32_5e-05_0.01/peft_lora_16_0.05_8/metrics.json
fft,stsb,deberta,2024,lora,lora,0,eval_pearson,0.8951732218665092,184.422913,131.7243,3029.706752,3029.706752,7669.284864,7669.284864,130.933,2.05,1136649975103488.0,8,16,0.05,"[8, 4, 2, 1]",deberta,results/fft/task_stsb_deberta_2024/base_32_5e-05_0.01/peft_lora_16_0.05_8/metrics.json
fft,stsb,deberta,42,lora,lora,0,eval_pearson,0.9131411083656712,184.422913,126.1481,3023.334912,3023.334912,7736.393728,7736.393728,136.72,2.14,1136649975103488.0,8,16,0.05,"[8, 4, 2, 1]",deberta,results/fft/task_stsb_deberta_42/base_32_5e-05_0.01/peft_lora_16_0.05_8/metrics.json
fft,wnli,deberta,123,lora,lora,0,eval_accuracy,0.5352112676056338,184.423682,26.412,3026.12224,3026.12224,8113.881087999999,8113.881088,72.126,1.136,126295568547840.0,8,16,0.05,"[8, 4, 2, 1]",deberta,results/fft/task_wnli_deberta_123/base_32_5e-05_0.01/peft_lora_16_0.05_8/metrics.json
fft,wnli,deberta,2024,lora,lora,0,eval_accuracy,0.5633802816901409,184.423682,24.8491,3021.997056,3021.997056,8508.145664,8508.145664,76.663,1.207,126295568547840.0,8,16,0.05,"[8, 4, 2, 1]",deberta,results/fft/task_wnli_deberta_2024/base_32_5e-05_0.01/peft_lora_16_0.05_8/metrics.json
fft,wnli,deberta,42,lora,lora,0,eval_accuracy,0.5633802816901409,184.423682,29.075,3020.747776,3020.747776,8130.658304,8130.658304,65.52,1.032,126295568547840.0,8,16,0.05,"[8, 4, 2, 1]",deberta,results/fft/task_wnli_deberta_42/base_32_5e-05_0.01/peft_lora_16_0.05_8/metrics.json
kd-lora,cola,deberta,123,adalora,adalora,1,eval_matthews_correlation,0.0,0.222866,14.8348,589.326848,589.326848,2650.800128,2650.800128,1729.249,13.549,856464562323456.0,8,16,0.05,"[8, 4, 2, 1]",deberta,results/kd-lora/task_cola_deberta_123/base_32_5e-05_0.01/peft_adalora_16_0.05_8/metrics.json
kd-lora,cola,deberta,123,dora,dora,1,eval_matthews_correlation,0.4467810196909267,0.15821,16.6967,588.269568,588.269568,2820.66944,2820.66944,1536.411,12.038,855186742444032.0,8,16,0.05,"[8, 4, 2, 1]",deberta,results/kd-lora/task_cola_deberta_123/base_32_5e-05_0.01/peft_dora_16_0.05_8/metrics.json
kd-lora,cola,deberta,123,lora,lora,1,eval_matthews_correlation,0.4525812662403045,0.148994,13.8709,589.236224,589.236224,2669.674496,2669.674496,1849.407,14.491,855004642541568.0,8,16,0.05,"[8, 4, 2, 1]",deberta,results/kd-lora/task_cola_deberta_123/base_32_5e-05_0.01/peft_lora_16_0.05_8/metrics.json
kd-lora,cola,deberta,123,mrlora,mrlora,1,eval_matthews_correlation,0.5442570546927161,0.278066,22.6171,590.20544,590.20544,3334.47168,3334.47168,1134.229,8.887,857554947145728.0,8,16,0.05,"[8, 4, 2, 1]",deberta,results/kd-lora/task_cola_deberta_123/base_32_5e-05_0.01/peft_mrlora_16_0.05_8/metrics.json
kd-lora,cola,deberta,123,olora,olora,1,eval_matthews_correlation,0.45296168452332813,0.148994,13.8116,588.122112,588.122112,2644.508672,2644.508672,1857.354,14.553,855004642541568.0,8,16,0.05,"[8, 4, 2, 1]",deberta,results/kd-lora/task_cola_deberta_123/base_32_5e-05_0.01/peft_olora_16_0.05_8/metrics.json
kd-lora,cola,deberta,123,rslora,rslora,1,eval_matthews_correlation,0.4894438592062726,0.148994,13.868,588.122112,588.122112,2644.508672,2644.508672,1849.799,14.494,855004642541568.0,8,16,0.05,"[8, 4, 2, 1]",deberta,results/kd-lora/task_cola_deberta_123/base_32_5e-05_0.01/peft_rslora_16_0.05_8/metrics.json
kd-lora,cola,deberta,2024,adalora,adalora,1,eval_matthews_correlation,0.18677315974228884,0.222866,15.6638,589.326848,589.326848,2625.634304,2625.634304,1637.73,12.832,856464562323456.0,8,16,0.05,"[8, 4, 2, 1]",deberta,results/kd-lora/task_cola_deberta_2024/base_32_5e-05_0.01/peft_adalora_16_0.05_8/metrics.json
kd-lora,cola,deberta,2024,dora,dora,1,eval_matthews_correlation,0.4411639300307432,0.15821,18.0401,588.269568,588.269568,2818.572288,2818.572288,1422.0,11.142,855186742444032.0,8,16,0.05,"[8, 4, 2, 1]",deberta,results/kd-lora/task_cola_deberta_2024/base_32_5e-05_0.01/peft_dora_16_0.05_8/metrics.json
kd-lora,cola,deberta,2024,lora,lora,1,eval_matthews_correlation,0.4440812070468994,0.148994,14.9281,589.236224,589.236224,2669.674496,2669.674496,1718.441,13.465,855004642541568.0,8,16,0.05,"[8, 4, 2, 1]",deberta,results/kd-lora/task_cola_deberta_2024/base_32_5e-05_0.01/peft_lora_16_0.05_8/metrics.json
kd-lora,cola,deberta,2024,mrlora,mrlora,1,eval_matthews_correlation,0.5561508659240181,0.278066,23.3612,590.20544,590.20544,3334.47168,3334.47168,1098.103,8.604,857554947145728.0,8,16,0.05,"[8, 4, 2, 1]",deberta,results/kd-lora/task_cola_deberta_2024/base_32_5e-05_0.01/peft_mrlora_16_0.05_8/metrics.json
kd-lora,cola,deberta,2024,olora,olora,1,eval_matthews_correlation,0.4673915300903121,0.148994,14.2177,588.122112,588.122112,2619.342848,2619.342848,1804.298,14.137,855004642541568.0,8,16,0.05,"[8, 4, 2, 1]",deberta,results/kd-lora/task_cola_deberta_2024/base_32_5e-05_0.01/peft_olora_16_0.05_8/metrics.json
kd-lora,cola,deberta,2024,rslora,rslora,1,eval_matthews_correlation,0.5205935908642821,0.148994,15.0701,588.122112,588.122112,2619.342848,2619.342848,1702.243,13.338,855004642541568.0,8,16,0.05,"[8, 4, 2, 1]",deberta,results/kd-lora/task_cola_deberta_2024/base_32_5e-05_0.01/peft_rslora_16_0.05_8/metrics.json
kd-lora,cola,deberta,42,adalora,adalora,1,eval_matthews_correlation,0.11382192951310593,0.222866,14.5112,589.326848,589.326848,2650.800128,2650.800128,1767.802,13.851,856464562323456.0,8,16,0.05,"[8, 4, 2, 1]",deberta,results/kd-lora/task_cola_deberta_42/base_32_5e-05_0.01/peft_adalora_16_0.05_8/metrics.json
kd-lora,cola,deberta,42,dora,dora,1,eval_matthews_correlation,0.46404096692342206,0.15821,16.1796,588.269568,588.269568,2820.66944,2820.66944,1585.514,12.423,855186742444032.0,8,16,0.05,"[8, 4, 2, 1]",deberta,results/kd-lora/task_cola_deberta_42/base_32_5e-05_0.01/peft_dora_16_0.05_8/metrics.json
kd-lora,cola,deberta,42,lora,lora,1,eval_matthews_correlation,0.46404096692342206,0.148994,13.3567,589.236224,589.236224,2669.674496,2669.674496,1920.614,15.049,855004642541568.0,8,16,0.05,"[8, 4, 2, 1]",deberta,results/kd-lora/task_cola_deberta_42/base_32_5e-05_0.01/peft_lora_16_0.05_8/metrics.json
kd-lora,cola,deberta,42,mrlora,mrlora,1,eval_matthews_correlation,0.5630125915007046,0.278066,22.4262,590.20544,590.20544,3334.47168,3334.47168,1143.884,8.963,857554947145728.0,8,16,0.05,"[8, 4, 2, 1]",deberta,results/kd-lora/task_cola_deberta_42/base_32_5e-05_0.01/peft_mrlora_16_0.05_8/metrics.json
kd-lora,cola,deberta,42,olora,olora,1,eval_matthews_correlation,0.4869603682896572,0.148994,13.467,588.122112,588.122112,2644.508672,2644.508672,1904.875,14.925,855004642541568.0,8,16,0.05,"[8, 4, 2, 1]",deberta,results/kd-lora/task_cola_deberta_42/base_32_5e-05_0.01/peft_olora_16_0.05_8/metrics.json
kd-lora,cola,deberta,42,rslora,rslora,1,eval_matthews_correlation,0.5098797696558923,0.148994,13.35,588.122112,588.122112,2644.508672,2644.508672,1921.569,15.056,855004642541568.0,8,16,0.05,"[8, 4, 2, 1]",deberta,results/kd-lora/task_cola_deberta_42/base_32_5e-05_0.01/peft_rslora_16_0.05_8/metrics.json
kd-lora,mnli,deberta,123,adalora,adalora,1,matched_accuracy,0.8359653591441671,0.223635,732.1332,589.342208,589.342208,2650.800128,2650.800128,1609.142,12.571,3.921979558487654e+16,8,16,0.05,"[8, 4, 2, 1]",deberta,results/kd-lora/task_mnli_deberta_123/base_32_5e-05_0.01/peft_adalora_16_0.05_8/metrics.json
kd-lora,mnli,deberta,123,dora,dora,1,matched_accuracy,0.8517575140091697,0.158979,764.4721,588.284928,588.284928,2845.835264,2845.835264,1541.071,12.04,3.916128524540314e+16,8,16,0.05,"[8, 4, 2, 1]",deberta,results/kd-lora/task_mnli_deberta_123/base_32_5e-05_0.01/peft_dora_16_0.05_8/metrics.json
kd-lora,mnli,deberta,123,lora,lora,1,matched_accuracy,0.8529801324503311,0.149763,681.2439,588.0064,588.0064,2644.508672,2644.508672,1729.345,13.511,3.91529487138816e+16,8,16,0.05,"[8, 4, 2, 1]",deberta,results/kd-lora/task_mnli_deberta_123/base_32_5e-05_0.01/peft_lora_16_0.05_8/metrics.json
kd-lora,mnli,deberta,123,mrlora,mrlora,1,matched_accuracy,0.8745797249108508,0.278835,986.5654,590.2208,590.2208,3334.47168,3334.47168,1194.149,9.329,3.926973102214349e+16,8,16,0.05,"[8, 4, 2, 1]",deberta,results/kd-lora/task_mnli_deberta_123/base_32_5e-05_0.01/peft_mrlora_16_0.05_8/metrics.json
kd-lora,mnli,deberta,123,olora,olora,1,matched_accuracy,0.8553234844625573,0.149763,700.7227,588.137472,588.137472,2644.508672,2644.508672,1681.273,13.135,3.91529487138816e+16,8,16,0.05,"[8, 4, 2, 1]",deberta,results/kd-lora/task_mnli_deberta_123/base_32_5e-05_0.01/peft_olora_16_0.05_8/metrics.json
kd-lora,mnli,deberta,123,rslora,rslora,1,matched_accuracy,0.8589913397860418,0.149763,704.5304,588.137472,588.137472,2644.508672,2644.508672,1672.186,13.064,3.91529487138816e+16,8,16,0.05,"[8, 4, 2, 1]",deberta,results/kd-lora/task_mnli_deberta_123/base_32_5e-05_0.01/peft_rslora_16_0.05_8/metrics.json
kd-lora,mnli,deberta,2024,adalora,adalora,1,matched_accuracy,0.8465613856342333,0.223635,654.101,589.342208,589.342208,2650.800128,2650.800128,1801.107,14.071,3.921979558487654e+16,8,16,0.05,"[8, 4, 2, 1]",deberta,results/kd-lora/task_mnli_deberta_2024/base_32_5e-05_0.01/peft_adalora_16_0.05_8/metrics.json
kd-lora,mnli,deberta,2024,dora,dora,1,matched_accuracy,0.8549159449821702,0.158979,723.6548,588.284928,588.284928,2843.7381120000005,2843.738112,1627.994,12.719,3.916128524540314e+16,8,16,0.05,"[8, 4, 2, 1]",deberta,results/kd-lora/task_mnli_deberta_2024/base_32_5e-05_0.01/peft_dora_16_0.05_8/metrics.json
kd-lora,mnli,deberta,2024,lora,lora,1,matched_accuracy,0.8541008660213958,0.149763,607.6102,588.0064,588.0064,2644.508672,2644.508672,1938.917,15.148,3.91529487138816e+16,8,16,0.05,"[8, 4, 2, 1]",deberta,results/kd-lora/task_mnli_deberta_2024/base_32_5e-05_0.01/peft_lora_16_0.05_8/metrics.json
kd-lora,mnli,deberta,2024,mrlora,mrlora,1,matched_accuracy,0.8683647478349465,0.278835,1052.7368,590.2208,590.2208,3334.47168,3334.47168,1119.089,8.743,3.926973102214349e+16,8,16,0.05,"[8, 4, 2, 1]",deberta,results/kd-lora/task_mnli_deberta_2024/base_32_5e-05_0.01/peft_mrlora_16_0.05_8/metrics.json
kd-lora,mnli,deberta,2024,olora,olora,1,matched_accuracy,0.8572592969943963,0.149763,617.1416,588.137472,588.137472,2644.508672,2644.508672,1908.972,14.914,3.91529487138816e+16,8,16,0.05,"[8, 4, 2, 1]",deberta,results/kd-lora/task_mnli_deberta_2024/base_32_5e-05_0.01/peft_olora_16_0.05_8/metrics.json
kd-lora,mnli,deberta,2024,rslora,rslora,1,matched_accuracy,0.8582781456953642,0.149763,661.6731,588.137472,588.137472,2644.508672,2644.508672,1780.495,13.91,3.91529487138816e+16,8,16,0.05,"[8, 4, 2, 1]",deberta,results/kd-lora/task_mnli_deberta_2024/base_32_5e-05_0.01/peft_rslora_16_0.05_8/metrics.json
kd-lora,mnli,deberta,42,adalora,adalora,1,matched_accuracy,0.844319918492104,0.223635,795.9251,589.342208,589.342208,2650.800128,2650.800128,1480.172,11.564,3.921979558487654e+16,8,16,0.05,"[8, 4, 2, 1]",deberta,results/kd-lora/task_mnli_deberta_42/base_32_5e-05_0.01/peft_adalora_16_0.05_8/metrics.json
kd-lora,mnli,deberta,42,dora,dora,1,matched_accuracy,0.8561385634233316,0.158979,865.5459,588.284928,588.284928,2820.66944,2820.66944,1361.113,10.634,3.916128524540314e+16,8,16,0.05,"[8, 4, 2, 1]",deberta,results/kd-lora/task_mnli_deberta_42/base_32_5e-05_0.01/peft_dora_16_0.05_8/metrics.json
kd-lora,mnli,deberta,42,lora,lora,1,matched_accuracy,0.8556291390728477,0.149763,687.3308,588.530688,588.530688,2623.537152,2623.537152,1714.031,13.391,3.91529487138816e+16,8,16,0.05,"[8, 4, 2, 1]",deberta,results/kd-lora/task_mnli_deberta_42/base_32_5e-05_0.01/peft_lora_16_0.05_8/metrics.json
kd-lora,mnli,deberta,42,mrlora,mrlora,1,matched_accuracy,0.8693835965359145,0.278835,997.7599,590.2208,590.2208,3334.47168,3334.47168,1180.751,9.225,3.926973102214349e+16,8,16,0.05,"[8, 4, 2, 1]",deberta,results/kd-lora/task_mnli_deberta_42/base_32_5e-05_0.01/peft_mrlora_16_0.05_8/metrics.json
kd-lora,mnli,deberta,42,olora,olora,1,matched_accuracy,0.8577687213448802,0.149763,658.0887,588.399104,588.399104,2631.92576,2631.92576,1790.193,13.986,3.91529487138816e+16,8,16,0.05,"[8, 4, 2, 1]",deberta,results/kd-lora/task_mnli_deberta_42/base_32_5e-05_0.01/peft_olora_16_0.05_8/metrics.json
kd-lora,mnli,deberta,42,rslora,rslora,1,matched_accuracy,0.8578706062149771,0.149763,701.1305,588.137472,588.137472,2644.508672,2644.508672,1680.295,13.127,3.91529487138816e+16,8,16,0.05,"[8, 4, 2, 1]",deberta,results/kd-lora/task_mnli_deberta_42/base_32_5e-05_0.01/peft_rslora_16_0.05_8/metrics.json
kd-lora,mrpc,deberta,42,adalora,adalora,1,eval_accuracy,0.6838235294117647,0.222866,8.7644,589.326848,589.326848,2654.994432,2654.994432,1255.535,9.927,370708517486592.0,8,16,0.05,"[8, 4, 2, 1]",deberta,results/kd-lora/task_mrpc_deberta_42/base_32_5e-05_0.01/peft_adalora_16_0.05_8/metrics.json
kd-lora,mrpc,deberta,42,dora,dora,1,eval_accuracy,0.6838235294117647,0.15821,9.4664,588.269568,588.269568,2818.572288,2818.572288,1162.429,9.19,370155448172544.0,8,16,0.05,"[8, 4, 2, 1]",deberta,results/kd-lora/task_mrpc_deberta_42/base_32_5e-05_0.01/peft_dora_16_0.05_8/metrics.json
kd-lora,mrpc,deberta,42,lora,lora,1,eval_accuracy,0.6838235294117647,0.148994,7.8683,588.122112,588.122112,2644.508672,2644.508672,1398.531,11.057,370076628811776.0,8,16,0.05,"[8, 4, 2, 1]",deberta,results/kd-lora/task_mrpc_deberta_42/base_32_5e-05_0.01/peft_lora_16_0.05_8/metrics.json
kd-lora,mrpc,deberta,42,mrlora,mrlora,1,eval_accuracy,0.6838235294117647,0.278066,10.9572,591.251456,591.251456,3328.180224,3328.180224,1004.268,7.94,371180527681536.0,8,16,0.05,"[8, 4, 2, 1]",deberta,results/kd-lora/task_mrpc_deberta_42/base_32_5e-05_0.01/peft_mrlora_16_0.05_8/metrics.json
kd-lora,mrpc,deberta,42,olora,olora,1,eval_accuracy,0.6838235294117647,0.148994,8.1894,588.122112,588.122112,2644.508672,2644.508672,1343.685,10.623,370076628811776.0,8,16,0.05,"[8, 4, 2, 1]",deberta,results/kd-lora/task_mrpc_deberta_42/base_32_5e-05_0.01/peft_olora_16_0.05_8/metrics.json
kd-lora,mrpc,deberta,42,rslora,rslora,1,eval_accuracy,0.6838235294117647,0.148994,7.7732,588.122112,588.122112,2644.508672,2644.508672,1415.641,11.192,370076628811776.0,8,16,0.05,"[8, 4, 2, 1]",deberta,results/kd-lora/task_mrpc_deberta_42/base_32_5e-05_0.01/peft_rslora_16_0.05_8/metrics.json
kd-lora,qnli,deberta,42,adalora,adalora,1,eval_accuracy,0.8822991030569284,0.222866,207.8323,589.326848,589.326848,2654.994432,2654.994432,1511.936,11.822,1.0469320207368192e+16,8,16,0.05,"[8, 4, 2, 1]",deberta,results/kd-lora/task_qnli_deberta_42/base_32_5e-05_0.01/peft_adalora_16_0.05_8/metrics.json
kd-lora,qnli,deberta,42,dora,dora,1,eval_accuracy,0.9077429983525536,0.15821,235.6313,588.269568,588.269568,2843.7381120000005,2843.738112,1333.562,10.427,1.0453700485054464e+16,8,16,0.05,"[8, 4, 2, 1]",deberta,results/kd-lora/task_qnli_deberta_42/base_32_5e-05_0.01/peft_dora_16_0.05_8/metrics.json
kd-lora,qnli,deberta,42,lora,lora,1,eval_accuracy,0.9068277503203368,0.148994,202.7707,588.122112,588.122112,2644.508672,2644.508672,1549.676,12.117,1.0451474618253312e+16,8,16,0.05,"[8, 4, 2, 1]",deberta,results/kd-lora/task_qnli_deberta_42/base_32_5e-05_0.01/peft_lora_16_0.05_8/metrics.json
kd-lora,qnli,deberta,42,mrlora,mrlora,1,eval_accuracy,0.9112209408749771,0.278066,308.157,591.251456,591.251456,3334.47168,3334.47168,1019.704,7.973,1.0482649638371328e+16,8,16,0.05,"[8, 4, 2, 1]",deberta,results/kd-lora/task_qnli_deberta_42/base_32_5e-05_0.01/peft_mrlora_16_0.05_8/metrics.json
kd-lora,qnli,deberta,42,olora,olora,1,eval_accuracy,0.9013362621270364,0.148994,202.8795,588.122112,588.122112,2644.508672,2644.508672,1548.845,12.111,1.0451474618253312e+16,8,16,0.05,"[8, 4, 2, 1]",deberta,results/kd-lora/task_qnli_deberta_42/base_32_5e-05_0.01/peft_olora_16_0.05_8/metrics.json
kd-lora,qnli,deberta,42,rslora,rslora,1,eval_accuracy,0.9137836353651839,0.148994,201.5808,588.122112,588.122112,2644.508672,2644.508672,1558.824,12.189,1.0451474618253312e+16,8,16,0.05,"[8, 4, 2, 1]",deberta,results/kd-lora/task_qnli_deberta_42/base_32_5e-05_0.01/peft_rslora_16_0.05_8/metrics.json
kd-lora,qqp,deberta,42,adalora,adalora,1,eval_accuracy,0.8722977986643582,0.222866,727.6897,589.326848,589.326848,2650.800128,2650.800128,1500.005,11.721,3.634222010990592e+16,8,16,0.05,"[8, 4, 2, 1]",deberta,results/kd-lora/task_qqp_deberta_42/base_32_5e-05_0.01/peft_adalora_16_0.05_8/metrics.json
kd-lora,qqp,deberta,42,dora,dora,1,eval_accuracy,0.8785802621815484,0.15821,847.8456,588.269568,588.269568,2843.7381120000005,2843.738112,1287.425,10.06,3.628799722153574e+16,8,16,0.05,"[8, 4, 2, 1]",deberta,results/kd-lora/task_qqp_deberta_42/base_32_5e-05_0.01/peft_dora_16_0.05_8/metrics.json
kd-lora,qqp,deberta,42,lora,lora,1,eval_accuracy,0.8800148404650012,0.148994,685.9535,588.122112,588.122112,2644.508672,2644.508672,1591.271,12.434,3.628027272285389e+16,8,16,0.05,"[8, 4, 2, 1]",deberta,results/kd-lora/task_qqp_deberta_42/base_32_5e-05_0.01/peft_lora_16_0.05_8/metrics.json
kd-lora,qqp,deberta,42,mrlora,mrlora,1,eval_accuracy,0.8980707395498392,0.278066,1058.4141,591.251456,591.251456,3334.47168,3334.47168,1031.296,8.058,3.638848979258573e+16,8,16,0.05,"[8, 4, 2, 1]",deberta,results/kd-lora/task_qqp_deberta_42/base_32_5e-05_0.01/peft_mrlora_16_0.05_8/metrics.json
kd-lora,qqp,deberta,42,olora,olora,1,eval_accuracy,0.8858026218154835,0.148994,693.9248,588.122112,588.122112,2644.508672,2644.508672,1572.992,12.291,3.628027272285389e+16,8,16,0.05,"[8, 4, 2, 1]",deberta,results/kd-lora/task_qqp_deberta_42/base_32_5e-05_0.01/peft_olora_16_0.05_8/metrics.json
kd-lora,qqp,deberta,42,rslora,rslora,1,eval_accuracy,0.879940638139995,0.148994,633.5465,588.122112,588.122112,2644.508672,2644.508672,1722.901,13.462,3.628027272285389e+16,8,16,0.05,"[8, 4, 2, 1]",deberta,results/kd-lora/task_qqp_deberta_42/base_32_5e-05_0.01/peft_rslora_16_0.05_8/metrics.json
kd-lora,rte,deberta,42,adalora,adalora,1,eval_accuracy,0.5270758122743683,0.222866,6.3714,589.326848,589.326848,2650.800128,2650.800128,1172.418,9.417,255661065633792.0,8,16,0.05,"[8, 4, 2, 1]",deberta,results/kd-lora/task_rte_deberta_42/base_32_5e-05_0.01/peft_adalora_16_0.05_8/metrics.json
kd-lora,rte,deberta,42,dora,dora,1,eval_accuracy,0.5270758122743683,0.15821,6.95,588.269568,588.269568,2818.572288,2818.572288,1074.821,8.633,255279627239424.0,8,16,0.05,"[8, 4, 2, 1]",deberta,results/kd-lora/task_rte_deberta_42/base_32_5e-05_0.01/peft_dora_16_0.05_8/metrics.json
kd-lora,rte,deberta,42,lora,lora,1,eval_accuracy,0.5270758122743683,0.148994,5.3173,588.122112,588.122112,2644.508672,2644.508672,1404.85,11.284,255225269059584.0,8,16,0.05,"[8, 4, 2, 1]",deberta,results/kd-lora/task_rte_deberta_42/base_32_5e-05_0.01/peft_lora_16_0.05_8/metrics.json
kd-lora,rte,deberta,42,mrlora,mrlora,1,eval_accuracy,0.5270758122743683,0.278066,8.0495,591.251456,591.251456,3328.180224,3328.180224,928.007,7.454,255986560401408.0,8,16,0.05,"[8, 4, 2, 1]",deberta,results/kd-lora/task_rte_deberta_42/base_32_5e-05_0.01/peft_mrlora_16_0.05_8/metrics.json
kd-lora,rte,deberta,42,olora,olora,1,eval_accuracy,0.5270758122743683,0.148994,5.0032,588.122112,588.122112,2619.342848,2619.342848,1493.048,11.992,255225269059584.0,8,16,0.05,"[8, 4, 2, 1]",deberta,results/kd-lora/task_rte_deberta_42/base_32_5e-05_0.01/peft_olora_16_0.05_8/metrics.json
kd-lora,rte,deberta,42,rslora,rslora,1,eval_accuracy,0.5270758122743683,0.148994,5.5115,588.122112,588.122112,2619.342848,2619.342848,1355.352,10.886,255225269059584.0,8,16,0.05,"[8, 4, 2, 1]",deberta,results/kd-lora/task_rte_deberta_42/base_32_5e-05_0.01/peft_rslora_16_0.05_8/metrics.json
kd-lora,sst2,deberta,123,adalora,adalora,1,eval_accuracy,0.926605504587156,0.222866,111.8659,589.326848,589.326848,2650.800128,2650.800128,1806.153,14.133,6736668820242432.0,8,16,0.05,"[8, 4, 2, 1]",deberta,results/kd-lora/task_sst2_deberta_123/base_32_5e-05_0.01/peft_adalora_16_0.05_8/metrics.json
kd-lora,sst2,deberta,123,dora,dora,1,eval_accuracy,0.9369266055045872,0.15821,125.3868,588.269568,588.269568,2818.572288,2818.572288,1611.39,12.609,6726618194116608.0,8,16,0.05,"[8, 4, 2, 1]",deberta,results/kd-lora/task_sst2_deberta_123/base_32_5e-05_0.01/peft_dora_16_0.05_8/metrics.json
kd-lora,sst2,deberta,123,lora,lora,1,eval_accuracy,0.9380733944954128,0.148994,119.2868,588.6464,588.6464,2636.120064,2636.120064,1693.792,13.254,6725185956741120.0,8,16,0.05,"[8, 4, 2, 1]",deberta,results/kd-lora/task_sst2_deberta_123/base_32_5e-05_0.01/peft_lora_16_0.05_8/metrics.json
kd-lora,sst2,deberta,123,mrlora,mrlora,1,eval_accuracy,0.9334862385321101,0.278066,170.9233,590.20544,590.20544,3334.47168,3334.47168,1182.092,9.25,6745246138368000.0,8,16,0.05,"[8, 4, 2, 1]",deberta,results/kd-lora/task_sst2_deberta_123/base_32_5e-05_0.01/peft_mrlora_16_0.05_8/metrics.json
kd-lora,sst2,deberta,123,olora,olora,1,eval_accuracy,0.9311926605504587,0.148994,112.8455,588.122112,588.122112,2644.508672,2644.508672,1790.475,14.01,6725185956741120.0,8,16,0.05,"[8, 4, 2, 1]",deberta,results/kd-lora/task_sst2_deberta_123/base_32_5e-05_0.01/peft_olora_16_0.05_8/metrics.json
kd-lora,sst2,deberta,123,rslora,rslora,1,eval_accuracy,0.930045871559633,0.148994,103.8957,588.122112,588.122112,2644.508672,2644.508672,1944.711,15.217,6725185956741120.0,8,16,0.05,"[8, 4, 2, 1]",deberta,results/kd-lora/task_sst2_deberta_123/base_32_5e-05_0.01/peft_rslora_16_0.05_8/metrics.json
kd-lora,sst2,deberta,2024,adalora,adalora,1,eval_accuracy,0.9197247706422018,0.222866,132.221,589.326848,589.326848,2625.634304,2625.634304,1528.1,11.957,6736668820242432.0,8,16,0.05,"[8, 4, 2, 1]",deberta,results/kd-lora/task_sst2_deberta_2024/base_32_5e-05_0.01/peft_adalora_16_0.05_8/metrics.json
kd-lora,sst2,deberta,2024,dora,dora,1,eval_accuracy,0.9311926605504587,0.15821,145.2735,588.269568,588.269568,2818.572288,2818.572288,1390.804,10.883,6726618194116608.0,8,16,0.05,"[8, 4, 2, 1]",deberta,results/kd-lora/task_sst2_deberta_2024/base_32_5e-05_0.01/peft_dora_16_0.05_8/metrics.json
kd-lora,sst2,deberta,2024,lora,lora,1,eval_accuracy,0.9323394495412844,0.148994,108.8621,589.432832,589.432832,2636.120064,2636.120064,1855.991,14.523,6725185956741120.0,8,16,0.05,"[8, 4, 2, 1]",deberta,results/kd-lora/task_sst2_deberta_2024/base_32_5e-05_0.01/peft_lora_16_0.05_8/metrics.json
kd-lora,sst2,deberta,2024,mrlora,mrlora,1,eval_accuracy,0.9438073394495413,0.278066,178.4753,590.20544,590.20544,3334.47168,3334.47168,1132.072,8.858,6745246138368000.0,8,16,0.05,"[8, 4, 2, 1]",deberta,results/kd-lora/task_sst2_deberta_2024/base_32_5e-05_0.01/peft_mrlora_16_0.05_8/metrics.json
kd-lora,sst2,deberta,2024,olora,olora,1,eval_accuracy,0.9346330275229358,0.148994,105.7841,588.122112,588.122112,2631.92576,2631.92576,1909.993,14.946,6725185956741120.0,8,16,0.05,"[8, 4, 2, 1]",deberta,results/kd-lora/task_sst2_deberta_2024/base_32_5e-05_0.01/peft_olora_16_0.05_8/metrics.json
kd-lora,sst2,deberta,2024,rslora,rslora,1,eval_accuracy,0.9369266055045872,0.148994,106.5393,588.122112,588.122112,2644.508672,2644.508672,1896.455,14.84,6725185956741120.0,8,16,0.05,"[8, 4, 2, 1]",deberta,results/kd-lora/task_sst2_deberta_2024/base_32_5e-05_0.01/peft_rslora_16_0.05_8/metrics.json
kd-lora,sst2,deberta,42,adalora,adalora,1,eval_accuracy,0.9185779816513762,0.222866,104.5913,589.326848,589.326848,2650.800128,2650.800128,1931.776,15.116,6736668820242432.0,8,16,0.05,"[8, 4, 2, 1]",deberta,results/kd-lora/task_sst2_deberta_42/base_32_5e-05_0.01/peft_adalora_16_0.05_8/metrics.json
kd-lora,sst2,deberta,42,dora,dora,1,eval_accuracy,0.9346330275229358,0.15821,116.8205,588.269568,588.269568,2818.572288,2818.572288,1729.551,13.534,6726618194116608.0,8,16,0.05,"[8, 4, 2, 1]",deberta,results/kd-lora/task_sst2_deberta_42/base_32_5e-05_0.01/peft_dora_16_0.05_8/metrics.json
kd-lora,sst2,deberta,42,lora,lora,1,eval_accuracy,0.9369266055045872,0.148994,101.0748,587.859968,587.859968,2644.508672,2644.508672,1998.985,15.642,6725185956741120.0,8,16,0.05,"[8, 4, 2, 1]",deberta,results/kd-lora/task_sst2_deberta_42/base_32_5e-05_0.01/peft_lora_16_0.05_8/metrics.json
kd-lora,sst2,deberta,42,mrlora,mrlora,1,eval_accuracy,0.9380733944954128,0.278066,161.3717,590.20544,590.20544,3336.5688319999995,3336.568832,1252.06,9.797,6745246138368000.0,8,16,0.05,"[8, 4, 2, 1]",deberta,results/kd-lora/task_sst2_deberta_42/base_32_5e-05_0.01/peft_mrlora_16_0.05_8/metrics.json
kd-lora,sst2,deberta,42,olora,olora,1,eval_accuracy,0.9323394495412844,0.148994,100.917,588.122112,588.122112,2644.508672,2644.508672,2002.112,15.666,6725185956741120.0,8,16,0.05,"[8, 4, 2, 1]",deberta,results/kd-lora/task_sst2_deberta_42/base_32_5e-05_0.01/peft_olora_16_0.05_8/metrics.json
kd-lora,sst2,deberta,42,rslora,rslora,1,eval_accuracy,0.9380733944954128,0.148994,101.9145,588.122112,588.122112,2644.508672,2644.508672,1982.516,15.513,6725185956741120.0,8,16,0.05,"[8, 4, 2, 1]",deberta,results/kd-lora/task_sst2_deberta_42/base_32_5e-05_0.01/peft_rslora_16_0.05_8/metrics.json
kd-lora,stsb,deberta,42,adalora,adalora,1,eval_pearson,0.8181875304632904,0.222097,45.6951,589.311488,589.311488,2650.800128,2650.800128,377.436,5.909,575216950444032.0,8,16,0.05,"[8, 4, 2, 1]",deberta,results/kd-lora/task_stsb_deberta_42/base_32_5e-05_0.01/peft_adalora_16_0.05_8/metrics.json
kd-lora,stsb,deberta,42,dora,dora,1,eval_pearson,0.7809808466085383,0.157441,42.1383,588.254208,588.254208,2818.572288,2818.572288,409.295,6.407,574358745513984.0,8,16,0.05,"[8, 4, 2, 1]",deberta,results/kd-lora/task_stsb_deberta_42/base_32_5e-05_0.01/peft_dora_16_0.05_8/metrics.json
kd-lora,stsb,deberta,42,lora,lora,1,eval_pearson,0.8491880766438389,0.148225,38.3298,588.368384,588.368384,2631.92576,2631.92576,449.964,7.044,574236439609344.0,8,16,0.05,"[8, 4, 2, 1]",deberta,results/kd-lora/task_stsb_deberta_42/base_32_5e-05_0.01/peft_lora_16_0.05_8/metrics.json
kd-lora,stsb,deberta,42,mrlora,mrlora,1,eval_pearson,0.8632664453069752,0.277297,48.2905,590.19008,590.19008,3334.47168,3334.47168,357.151,5.591,575949376585728.0,8,16,0.05,"[8, 4, 2, 1]",deberta,results/kd-lora/task_stsb_deberta_42/base_32_5e-05_0.01/peft_mrlora_16_0.05_8/metrics.json
kd-lora,stsb,deberta,42,olora,olora,1,eval_pearson,0.8504586145918854,0.148225,37.3361,588.106752,588.106752,2644.508672,2644.508672,461.939,7.232,574236439609344.0,8,16,0.05,"[8, 4, 2, 1]",deberta,results/kd-lora/task_stsb_deberta_42/base_32_5e-05_0.01/peft_olora_16_0.05_8/metrics.json
kd-lora,stsb,deberta,42,rslora,rslora,1,eval_pearson,0.7911979532747727,0.148225,36.2525,588.106752,588.106752,2644.508672,2644.508672,475.746,7.448,574236439609344.0,8,16,0.05,"[8, 4, 2, 1]",deberta,results/kd-lora/task_stsb_deberta_42/base_32_5e-05_0.01/peft_rslora_16_0.05_8/metrics.json
kd-lora,wnli,deberta,42,adalora,adalora,1,eval_accuracy,0.5633802816901409,0.222866,1.8923,589.326848,589.326848,2625.634304,2625.634304,1006.724,7.927,63915266408448.0,8,16,0.05,"[8, 4, 2, 1]",deberta,results/kd-lora/task_wnli_deberta_42/base_32_5e-05_0.01/peft_adalora_16_0.05_8/metrics.json
kd-lora,wnli,deberta,42,dora,dora,1,eval_accuracy,0.5633802816901409,0.15821,2.0975,588.269568,588.269568,2818.572288,2818.572288,908.208,7.151,63819906809856.0,8,16,0.05,"[8, 4, 2, 1]",deberta,results/kd-lora/task_wnli_deberta_42/base_32_5e-05_0.01/peft_dora_16_0.05_8/metrics.json
kd-lora,wnli,deberta,42,lora,lora,1,eval_accuracy,0.5633802816901409,0.148994,2.3712,588.383744,588.383744,2631.92576,2631.92576,803.399,6.326,63806317264896.0,8,16,0.05,"[8, 4, 2, 1]",deberta,results/kd-lora/task_wnli_deberta_42/base_32_5e-05_0.01/peft_lora_16_0.05_8/metrics.json
kd-lora,wnli,deberta,42,mrlora,mrlora,1,eval_accuracy,0.5633802816901409,0.278066,2.3921,590.66112,590.66112,3326.083072,3326.083072,796.362,6.271,63996640100352.0,8,16,0.05,"[8, 4, 2, 1]",deberta,results/kd-lora/task_wnli_deberta_42/base_32_5e-05_0.01/peft_mrlora_16_0.05_8/metrics.json
kd-lora,wnli,deberta,42,olora,olora,1,eval_accuracy,0.5633802816901409,0.148994,1.7363,588.122112,588.122112,2619.342848,2619.342848,1097.139,8.639,63806317264896.0,8,16,0.05,"[8, 4, 2, 1]",deberta,results/kd-lora/task_wnli_deberta_42/base_32_5e-05_0.01/peft_olora_16_0.05_8/metrics.json
kd-lora,wnli,deberta,42,rslora,rslora,1,eval_accuracy,0.5633802816901409,0.148994,1.8891,588.122112,588.122112,2644.508672,2644.508672,1008.417,7.94,63806317264896.0,8,16,0.05,"[8, 4, 2, 1]",deberta,results/kd-lora/task_wnli_deberta_42/base_32_5e-05_0.01/peft_rslora_16_0.05_8/metrics.json
lora,cola,deberta,123,adalora,adalora,2,eval_matthews_correlation,0.0,0.444194,27.7276,764.0263680000002,764.026368,4764.729344,4764.729344,925.179,7.249,1701138030133248.0,8,16,0.05,"[8, 4, 2, 1]",deberta,results/lora/task_cola_deberta_123/base_32_5e-05_0.01/peft_adalora_16_0.05_8/metrics.json
lora,cola,deberta,123,dora,dora,2,eval_matthews_correlation,0.630639817686462,0.314882,26.9437,761.912832,761.912832,5158.99392,5158.99392,952.096,7.46,1698582390374400.0,8,16,0.05,"[8, 4, 2, 1]",deberta,results/lora/task_cola_deberta_123/base_32_5e-05_0.01/peft_dora_16_0.05_8/metrics.json
lora,cola,deberta,123,lora,lora,2,eval_matthews_correlation,0.6281549838358158,0.29645,21.0279,762.41664,762.41664,4779.409408,4779.409408,1219.951,9.559,1698218190569472.0,8,16,0.05,"[8, 4, 2, 1]",deberta,results/lora/task_cola_deberta_123/base_32_5e-05_0.01/peft_lora_16_0.05_8/metrics.json
lora,cola,deberta,123,mrlora,mrlora,2,eval_matthews_correlation,0.6359929134078908,0.554594,124.2967,766.659584,766.659584,6169.821184,6169.821184,206.385,3.234,1703319001104384.0,8,16,0.05,"[8, 4, 2, 1]",deberta,results/lora/task_cola_deberta_123/base_32_5e-05_0.01/peft_mrlora_16_0.05_8/metrics.json
lora,cola,deberta,123,olora,olora,2,eval_matthews_correlation,0.6082844689817133,0.29645,20.5262,761.630208,761.630208,4766.826496,4766.826496,1249.769,9.792,1698218190569472.0,8,16,0.05,"[8, 4, 2, 1]",deberta,results/lora/task_cola_deberta_123/base_32_5e-05_0.01/peft_olora_16_0.05_8/metrics.json
lora,cola,deberta,123,rslora,rslora,2,eval_matthews_correlation,0.633176717769807,0.29645,18.8995,761.630208,761.630208,4766.826496,4766.826496,1357.339,10.635,1698218190569472.0,8,16,0.05,"[8, 4, 2, 1]",deberta,results/lora/task_cola_deberta_123/base_32_5e-05_0.01/peft_rslora_16_0.05_8/metrics.json
lora,cola,deberta,42,adalora,adalora,2,eval_matthews_correlation,0.0,0.444194,28.0848,764.0263680000002,764.026368,4802.47808,4802.47808,913.411,7.157,1701138030133248.0,8,16,0.05,"[8, 4, 2, 1]",deberta,results/lora/task_cola_deberta_42/base_32_5e-05_0.01/peft_adalora_16_0.05_8/metrics.json
lora,cola,deberta,42,dora,dora,2,eval_matthews_correlation,0.610871836940491,0.314882,27.7171,761.912832,761.912832,5133.828096,5133.828096,925.53,7.252,1698582390374400.0,8,16,0.05,"[8, 4, 2, 1]",deberta,results/lora/task_cola_deberta_42/base_32_5e-05_0.01/peft_dora_16_0.05_8/metrics.json
lora,cola,deberta,42,lora,lora,2,eval_matthews_correlation,0.6107938612917774,0.29645,21.952,762.41664,762.41664,4779.409408,4779.409408,1168.597,9.156,1698218190569472.0,8,16,0.05,"[8, 4, 2, 1]",deberta,results/lora/task_cola_deberta_42/base_32_5e-05_0.01/peft_lora_16_0.05_8/metrics.json
lora,cola,deberta,42,mrlora,mrlora,2,eval_matthews_correlation,0.6306644810568987,0.554594,41.689,765.421056,765.421056,6157.238272,6157.238272,615.343,4.821,1703319001104384.0,8,16,0.05,"[8, 4, 2, 1]",deberta,results/lora/task_cola_deberta_42/base_32_5e-05_0.01/peft_mrlora_16_0.05_8/metrics.json
lora,cola,deberta,42,olora,olora,2,eval_matthews_correlation,0.6083707756603041,0.29645,21.8489,761.630208,761.630208,4766.826496,4766.826496,1174.11,9.2,1698218190569472.0,8,16,0.05,"[8, 4, 2, 1]",deberta,results/lora/task_cola_deberta_42/base_32_5e-05_0.01/peft_olora_16_0.05_8/metrics.json
lora,cola,deberta,42,rslora,rslora,2,eval_matthews_correlation,0.6132936088821549,0.29645,21.7462,761.630208,761.630208,4766.826496,4766.826496,1179.656,9.243,1698218190569472.0,8,16,0.05,"[8, 4, 2, 1]",deberta,results/lora/task_cola_deberta_42/base_32_5e-05_0.01/peft_rslora_16_0.05_8/metrics.json
lora,mnli,deberta,123,adalora,adalora,2,matched_accuracy,0.8958736627610799,0.444963,1171.5857,764.041728,764.041728,4789.895168,4789.895168,1005.565,7.856,7.789827711408538e+16,8,16,0.05,"[8, 4, 2, 1]",deberta,results/lora/task_mnli_deberta_123/base_32_5e-05_0.01/peft_adalora_16_0.05_8/metrics.json
lora,mnli,deberta,123,dora,dora,2,matched_accuracy,0.9019867549668874,0.315651,1135.7182,761.928192,761.928192,5133.828096,5133.828096,1037.322,8.104,7.778125643513856e+16,8,16,0.05,"[8, 4, 2, 1]",deberta,results/lora/task_mnli_deberta_123/base_32_5e-05_0.01/peft_dora_16_0.05_8/metrics.json
lora,mnli,deberta,123,lora,lora,2,matched_accuracy,0.9012735608762099,0.297219,854.8416,762.4320000000001,762.432,4779.409408,4779.409408,1378.157,10.767,7.776457692964454e+16,8,16,0.05,"[8, 4, 2, 1]",deberta,results/lora/task_mnli_deberta_123/base_32_5e-05_0.01/peft_lora_16_0.05_8/metrics.json
lora,mnli,deberta,123,mrlora,mrlora,2,matched_accuracy,0.9017829852266939,0.555363,5130.3884,767.4521600000002,767.45216,6178.209791999999,6178.209792,229.633,3.588,7.799814798861926e+16,8,16,0.05,"[8, 4, 2, 1]",deberta,results/lora/task_mnli_deberta_123/base_32_5e-05_0.01/peft_mrlora_16_0.05_8/metrics.json
lora,mnli,deberta,123,olora,olora,2,matched_accuracy,0.8996434029546613,0.297219,876.9417,761.645568,761.645568,4766.826496,4766.826496,1343.426,10.496,7.776457692964454e+16,8,16,0.05,"[8, 4, 2, 1]",deberta,results/lora/task_mnli_deberta_123/base_32_5e-05_0.01/peft_olora_16_0.05_8/metrics.json
lora,mnli,deberta,123,rslora,rslora,2,matched_accuracy,0.9005603667855323,0.297219,889.9843,761.645568,761.645568,4766.826496,4766.826496,1323.738,10.342,7.776457692964454e+16,8,16,0.05,"[8, 4, 2, 1]",deberta,results/lora/task_mnli_deberta_123/base_32_5e-05_0.01/peft_rslora_16_0.05_8/metrics.json
lora,mnli,deberta,42,adalora,adalora,2,matched_accuracy,0.8941416199694345,0.444963,1223.5101,764.041728,764.041728,4789.895168,4789.895168,962.89,7.523,7.789827711408538e+16,8,16,0.05,"[8, 4, 2, 1]",deberta,results/lora/task_mnli_deberta_42/base_32_5e-05_0.01/peft_adalora_16_0.05_8/metrics.json
lora,mnli,deberta,42,dora,dora,2,matched_accuracy,0.9003565970453388,0.315651,1185.9236,761.928192,761.928192,5133.828096,5133.828096,993.408,7.761,7.778125643513856e+16,8,16,0.05,"[8, 4, 2, 1]",deberta,results/lora/task_mnli_deberta_42/base_32_5e-05_0.01/peft_dora_16_0.05_8/metrics.json
lora,mnli,deberta,42,lora,lora,2,matched_accuracy,0.8996434029546613,0.297219,944.1629,762.4320000000001,762.432,4779.409408,4779.409408,1247.778,9.748,7.776457692964454e+16,8,16,0.05,"[8, 4, 2, 1]",deberta,results/lora/task_mnli_deberta_42/base_32_5e-05_0.01/peft_lora_16_0.05_8/metrics.json
lora,mnli,deberta,42,mrlora,mrlora,2,matched_accuracy,0.9015792154865002,0.555363,1857.4709,764.646912,764.646912,6153.043968000001,6153.043968,634.253,4.955,7.799814798861926e+16,8,16,0.05,"[8, 4, 2, 1]",deberta,results/lora/task_mnli_deberta_42/base_32_5e-05_0.01/peft_mrlora_16_0.05_8/metrics.json
lora,mnli,deberta,42,olora,olora,2,matched_accuracy,0.897809475292919,0.297219,924.5114,761.645568,761.645568,4766.826496,4766.826496,1274.301,9.956,7.776457692964454e+16,8,16,0.05,"[8, 4, 2, 1]",deberta,results/lora/task_mnli_deberta_42/base_32_5e-05_0.01/peft_olora_16_0.05_8/metrics.json
lora,mnli,deberta,42,rslora,rslora,2,matched_accuracy,0.9006622516556292,0.297219,932.3265,761.645568,761.645568,4766.826496,4766.826496,1263.62,9.872,7.776457692964454e+16,8,16,0.05,"[8, 4, 2, 1]",deberta,results/lora/task_mnli_deberta_42/base_32_5e-05_0.01/peft_rslora_16_0.05_8/metrics.json
lora,mrpc,deberta,123,adalora,adalora,2,eval_accuracy,0.6838235294117647,0.444194,12.0039,764.0263680000002,764.026368,4789.895168,4789.895168,916.706,7.248,736313456197632.0,8,16,0.05,"[8, 4, 2, 1]",deberta,results/lora/task_mrpc_deberta_123/base_32_5e-05_0.01/peft_adalora_16_0.05_8/metrics.json
lora,mrpc,deberta,123,dora,dora,2,eval_accuracy,0.7892156862745098,0.314882,12.6379,761.912832,761.912832,5158.99392,5158.99392,870.714,6.884,735207317569536.0,8,16,0.05,"[8, 4, 2, 1]",deberta,results/lora/task_mrpc_deberta_123/base_32_5e-05_0.01/peft_dora_16_0.05_8/metrics.json
lora,mrpc,deberta,123,lora,lora,2,eval_accuracy,0.7892156862745098,0.29645,9.576,762.41664,762.41664,4779.409408,4779.409408,1149.122,9.085,735049678848000.0,8,16,0.05,"[8, 4, 2, 1]",deberta,results/lora/task_mrpc_deberta_123/base_32_5e-05_0.01/peft_lora_16_0.05_8/metrics.json
lora,mrpc,deberta,123,mrlora,mrlora,2,eval_accuracy,0.7867647058823529,0.554594,18.1553,765.421056,765.421056,6155.14112,6155.14112,606.104,4.792,737257426255872.0,8,16,0.05,"[8, 4, 2, 1]",deberta,results/lora/task_mrpc_deberta_123/base_32_5e-05_0.01/peft_mrlora_16_0.05_8/metrics.json
lora,mrpc,deberta,123,olora,olora,2,eval_accuracy,0.8284313725490197,0.29645,9.4021,761.630208,761.630208,4766.826496,4766.826496,1170.374,9.253,735049678848000.0,8,16,0.05,"[8, 4, 2, 1]",deberta,results/lora/task_mrpc_deberta_123/base_32_5e-05_0.01/peft_olora_16_0.05_8/metrics.json
lora,mrpc,deberta,123,rslora,rslora,2,eval_accuracy,0.8333333333333334,0.29645,9.7818,761.630208,761.630208,4766.826496,4766.826496,1124.95,8.894,735049678848000.0,8,16,0.05,"[8, 4, 2, 1]",deberta,results/lora/task_mrpc_deberta_123/base_32_5e-05_0.01/peft_rslora_16_0.05_8/metrics.json
lora,mrpc,deberta,2024,adalora,adalora,2,eval_accuracy,0.6838235294117647,0.444194,14.1342,764.0263680000002,764.026368,4806.672384,4806.672384,778.536,6.155,736313456197632.0,8,16,0.05,"[8, 4, 2, 1]",deberta,results/lora/task_mrpc_deberta_2024/base_32_5e-05_0.01/peft_adalora_16_0.05_8/metrics.json
lora,mrpc,deberta,2024,dora,dora,2,eval_accuracy,0.7573529411764706,0.314882,13.9917,761.912832,761.912832,5158.99392,5158.99392,786.464,6.218,735207317569536.0,8,16,0.05,"[8, 4, 2, 1]",deberta,results/lora/task_mrpc_deberta_2024/base_32_5e-05_0.01/peft_dora_16_0.05_8/metrics.json
lora,mrpc,deberta,2024,lora,lora,2,eval_accuracy,0.7279411764705882,0.29645,11.1633,762.41664,762.41664,4779.409408,4779.409408,985.733,7.793,735049678848000.0,8,16,0.05,"[8, 4, 2, 1]",deberta,results/lora/task_mrpc_deberta_2024/base_32_5e-05_0.01/peft_lora_16_0.05_8/metrics.json
lora,mrpc,deberta,2024,olora,olora,2,eval_accuracy,0.7990196078431373,0.29645,11.3507,761.630208,761.630208,4766.826496,4766.826496,969.458,7.665,735049678848000.0,8,16,0.05,"[8, 4, 2, 1]",deberta,results/lora/task_mrpc_deberta_2024/base_32_5e-05_0.01/peft_olora_16_0.05_8/metrics.json
lora,mrpc,deberta,2024,rslora,rslora,2,eval_accuracy,0.8137254901960784,0.29645,11.4765,761.630208,761.630208,4766.826496,4766.826496,958.83,7.581,735049678848000.0,8,16,0.05,"[8, 4, 2, 1]",deberta,results/lora/task_mrpc_deberta_2024/base_32_5e-05_0.01/peft_rslora_16_0.05_8/metrics.json
lora,mrpc,deberta,42,adalora,adalora,2,eval_accuracy,0.6838235294117647,0.444194,14.5835,764.0263680000002,764.026368,4764.729344,4764.729344,754.554,5.966,736313456197632.0,8,16,0.05,"[8, 4, 2, 1]",deberta,results/lora/task_mrpc_deberta_42/base_32_5e-05_0.01/peft_adalora_16_0.05_8/metrics.json
lora,mrpc,deberta,42,dora,dora,2,eval_accuracy,0.7769607843137255,0.314882,14.3453,761.912832,761.912832,5158.99392,5158.99392,767.078,6.065,735207317569536.0,8,16,0.05,"[8, 4, 2, 1]",deberta,results/lora/task_mrpc_deberta_42/base_32_5e-05_0.01/peft_dora_16_0.05_8/metrics.json
lora,mrpc,deberta,42,lora,lora,2,eval_accuracy,0.7794117647058824,0.29645,11.9378,761.630208,761.630208,4766.826496,4766.826496,921.777,7.288,735049678848000.0,8,16,0.05,"[8, 4, 2, 1]",deberta,results/lora/task_mrpc_deberta_42/base_32_5e-05_0.01/peft_lora_16_0.05_8/metrics.json
lora,mrpc,deberta,42,mrlora,mrlora,2,eval_accuracy,0.7867647058823529,0.554594,18.2483,765.421056,765.421056,6155.14112,6155.14112,603.017,4.768,737257426255872.0,8,16,0.05,"[8, 4, 2, 1]",deberta,results/lora/task_mrpc_deberta_42/base_32_5e-05_0.01/peft_mrlora_16_0.05_8/metrics.json
lora,mrpc,deberta,42,olora,olora,2,eval_accuracy,0.7941176470588235,0.29645,11.9318,761.630208,761.630208,4766.826496,4766.826496,922.239,7.291,735049678848000.0,8,16,0.05,"[8, 4, 2, 1]",deberta,results/lora/task_mrpc_deberta_42/base_32_5e-05_0.01/peft_olora_16_0.05_8/metrics.json
lora,mrpc,deberta,42,rslora,rslora,2,eval_accuracy,0.8161764705882353,0.29645,11.9008,761.630208,761.630208,4766.826496,4766.826496,924.645,7.31,735049678848000.0,8,16,0.05,"[8, 4, 2, 1]",deberta,results/lora/task_mrpc_deberta_42/base_32_5e-05_0.01/peft_rslora_16_0.05_8/metrics.json
lora,qnli,deberta,123,adalora,adalora,2,eval_accuracy,0.9117700896943072,0.444194,329.7076,764.0263680000002,764.026368,4802.47808,4802.47808,953.054,7.452,2.079450829160448e+16,8,16,0.05,"[8, 4, 2, 1]",deberta,results/lora/task_qnli_deberta_123/base_32_5e-05_0.01/peft_adalora_16_0.05_8/metrics.json
lora,qnli,deberta,123,dora,dora,2,eval_accuracy,0.9383122826285923,0.314882,321.0217,761.912832,761.912832,5133.828096,5133.828096,978.84,7.654,2.0763268846977024e+16,8,16,0.05,"[8, 4, 2, 1]",deberta,results/lora/task_qnli_deberta_123/base_32_5e-05_0.01/peft_dora_16_0.05_8/metrics.json
lora,qnli,deberta,123,lora,lora,2,eval_accuracy,0.9384953322350357,0.29645,251.8377,762.41664,762.41664,4779.409408,4779.409408,1247.744,9.756,2.075881711337472e+16,8,16,0.05,"[8, 4, 2, 1]",deberta,results/lora/task_qnli_deberta_123/base_32_5e-05_0.01/peft_lora_16_0.05_8/metrics.json
lora,qnli,deberta,123,mrlora,mrlora,2,eval_accuracy,0.9368478857770456,0.554594,507.9414,765.554688,765.554688,6153.043968000001,6153.043968,618.632,4.837,2.082116715361075e+16,8,16,0.05,"[8, 4, 2, 1]",deberta,results/lora/task_qnli_deberta_123/base_32_5e-05_0.01/peft_mrlora_16_0.05_8/metrics.json
lora,qnli,deberta,123,olora,olora,2,eval_accuracy,0.9379461834157057,0.29645,251.6807,761.630208,761.630208,4766.826496,4766.826496,1248.522,9.762,2.075881711337472e+16,8,16,0.05,"[8, 4, 2, 1]",deberta,results/lora/task_qnli_deberta_123/base_32_5e-05_0.01/peft_olora_16_0.05_8/metrics.json
lora,qnli,deberta,123,rslora,rslora,2,eval_accuracy,0.942339373970346,0.29645,243.0422,761.630208,761.630208,4766.826496,4766.826496,1292.899,10.109,2.075881711337472e+16,8,16,0.05,"[8, 4, 2, 1]",deberta,results/lora/task_qnli_deberta_123/base_32_5e-05_0.01/peft_rslora_16_0.05_8/metrics.json
lora,qnli,deberta,2024,adalora,adalora,2,eval_accuracy,0.9176276771004942,0.444194,385.5879,764.0263680000002,764.026368,4789.895168,4789.895168,814.935,6.372,2.079450829160448e+16,8,16,0.05,"[8, 4, 2, 1]",deberta,results/lora/task_qnli_deberta_2024/base_32_5e-05_0.01/peft_adalora_16_0.05_8/metrics.json
lora,qnli,deberta,2024,dora,dora,2,eval_accuracy,0.9379461834157057,0.314882,372.6115,761.912832,761.912832,5158.99392,5158.99392,843.315,6.594,2.0763268846977024e+16,8,16,0.05,"[8, 4, 2, 1]",deberta,results/lora/task_qnli_deberta_2024/base_32_5e-05_0.01/peft_dora_16_0.05_8/metrics.json
lora,qnli,deberta,2024,lora,lora,2,eval_accuracy,0.9375800842028189,0.29645,300.1394,762.41664,762.41664,4779.409408,4779.409408,1046.943,8.186,2.075881711337472e+16,8,16,0.05,"[8, 4, 2, 1]",deberta,results/lora/task_qnli_deberta_2024/base_32_5e-05_0.01/peft_lora_16_0.05_8/metrics.json
lora,qnli,deberta,2024,olora,olora,2,eval_accuracy,0.9366648361706023,0.29645,311.9674,761.630208,761.630208,4766.826496,4766.826496,1007.249,7.876,2.075881711337472e+16,8,16,0.05,"[8, 4, 2, 1]",deberta,results/lora/task_qnli_deberta_2024/base_32_5e-05_0.01/peft_olora_16_0.05_8/metrics.json
lora,qnli,deberta,2024,rslora,rslora,2,eval_accuracy,0.9410580267252425,0.29645,288.2903,761.630208,761.630208,4766.826496,4766.826496,1089.974,8.523,2.075881711337472e+16,8,16,0.05,"[8, 4, 2, 1]",deberta,results/lora/task_qnli_deberta_2024/base_32_5e-05_0.01/peft_rslora_16_0.05_8/metrics.json
lora,qnli,deberta,42,adalora,adalora,2,eval_accuracy,0.914881933003844,0.444194,416.0079,764.0263680000002,764.026368,4764.729344,4764.729344,755.344,5.906,2.079450829160448e+16,8,16,0.05,"[8, 4, 2, 1]",deberta,results/lora/task_qnli_deberta_42/base_32_5e-05_0.01/peft_adalora_16_0.05_8/metrics.json
lora,qnli,deberta,42,dora,dora,2,eval_accuracy,0.9357495881383855,0.314882,378.4539,761.912832,761.912832,5158.99392,5158.99392,830.297,6.492,2.0763268846977024e+16,8,16,0.05,"[8, 4, 2, 1]",deberta,results/lora/task_qnli_deberta_42/base_32_5e-05_0.01/peft_dora_16_0.05_8/metrics.json
lora,qnli,deberta,42,lora,lora,2,eval_accuracy,0.9368478857770456,0.29645,276.6623,761.630208,761.630208,4766.826496,4766.826496,1135.785,8.881,2.075881711337472e+16,8,16,0.05,"[8, 4, 2, 1]",deberta,results/lora/task_qnli_deberta_42/base_32_5e-05_0.01/peft_lora_16_0.05_8/metrics.json
lora,qnli,deberta,42,mrlora,mrlora,2,eval_accuracy,0.9412410763316859,0.554594,478.7971,765.554688,765.554688,6153.043968000001,6153.043968,656.289,5.132,2.082116715361075e+16,8,16,0.05,"[8, 4, 2, 1]",deberta,results/lora/task_qnli_deberta_42/base_32_5e-05_0.01/peft_mrlora_16_0.05_8/metrics.json
lora,qnli,deberta,42,olora,olora,2,eval_accuracy,0.9355665385319422,0.29645,303.9435,761.630208,761.630208,4766.826496,4766.826496,1033.84,8.084,2.075881711337472e+16,8,16,0.05,"[8, 4, 2, 1]",deberta,results/lora/task_qnli_deberta_42/base_32_5e-05_0.01/peft_olora_16_0.05_8/metrics.json
lora,qnli,deberta,42,rslora,rslora,2,eval_accuracy,0.9405088779059125,0.29645,292.0045,761.630208,761.630208,4766.826496,4766.826496,1076.11,8.414,2.075881711337472e+16,8,16,0.05,"[8, 4, 2, 1]",deberta,results/lora/task_qnli_deberta_42/base_32_5e-05_0.01/peft_rslora_16_0.05_8/metrics.json
lora,qqp,deberta,123,adalora,adalora,2,eval_accuracy,0.8890427900074203,0.444194,1177.1185,764.0263680000002,764.026368,4802.47808,4802.47808,927.297,7.246,7.218410659459891e+16,8,16,0.05,"[8, 4, 2, 1]",deberta,results/lora/task_qqp_deberta_123/base_32_5e-05_0.01/peft_adalora_16_0.05_8/metrics.json
lora,qqp,deberta,123,dora,dora,2,eval_accuracy,0.9051694286420975,0.314882,1138.979,761.912832,761.912832,5133.828096,5133.828096,958.348,7.488,7.20756672603095e+16,8,16,0.05,"[8, 4, 2, 1]",deberta,results/lora/task_qqp_deberta_123/base_32_5e-05_0.01/peft_dora_16_0.05_8/metrics.json
lora,qqp,deberta,123,lora,lora,2,eval_accuracy,0.9048231511254019,0.29645,897.8437,762.41664,762.41664,4779.409408,4779.409408,1215.733,9.499,7.20602182629458e+16,8,16,0.05,"[8, 4, 2, 1]",deberta,results/lora/task_qqp_deberta_123/base_32_5e-05_0.01/peft_lora_16_0.05_8/metrics.json
lora,qqp,deberta,123,olora,olora,2,eval_accuracy,0.9059114518921593,0.29645,886.549,761.630208,761.630208,4766.826496,4766.826496,1231.221,9.62,7.20602182629458e+16,8,16,0.05,"[8, 4, 2, 1]",deberta,results/lora/task_qqp_deberta_123/base_32_5e-05_0.01/peft_olora_16_0.05_8/metrics.json
lora,qqp,deberta,123,rslora,rslora,2,eval_accuracy,0.9099183774424932,0.29645,894.6718,761.630208,761.630208,4766.826496,4766.826496,1220.043,9.533,7.20602182629458e+16,8,16,0.05,"[8, 4, 2, 1]",deberta,results/lora/task_qqp_deberta_123/base_32_5e-05_0.01/peft_rslora_16_0.05_8/metrics.json
lora,qqp,deberta,42,adalora,adalora,2,eval_accuracy,0.8896611427158051,0.444194,984.2737,764.0263680000002,764.026368,4802.47808,4802.47808,1108.978,8.665,7.218410659459891e+16,8,16,0.05,"[8, 4, 2, 1]",deberta,results/lora/task_qqp_deberta_42/base_32_5e-05_0.01/peft_adalora_16_0.05_8/metrics.json
lora,qqp,deberta,42,dora,dora,2,eval_accuracy,0.9046252782587187,0.314882,962.6035,761.912832,761.912832,5133.828096,5133.828096,1133.944,8.86,7.20756672603095e+16,8,16,0.05,"[8, 4, 2, 1]",deberta,results/lora/task_qqp_deberta_42/base_32_5e-05_0.01/peft_dora_16_0.05_8/metrics.json
lora,qqp,deberta,42,lora,lora,2,eval_accuracy,0.9044026712837002,0.29645,995.052,762.41664,762.41664,4779.409408,4779.409408,1096.966,8.571,7.20602182629458e+16,8,16,0.05,"[8, 4, 2, 1]",deberta,results/lora/task_qqp_deberta_42/base_32_5e-05_0.01/peft_lora_16_0.05_8/metrics.json
lora,qqp,deberta,42,mrlora,mrlora,2,eval_accuracy,0.9084343309423695,0.554594,1770.1513,765.554688,765.554688,6153.043968000001,6153.043968,616.635,4.818,7.227665240240947e+16,8,16,0.05,"[8, 4, 2, 1]",deberta,results/lora/task_qqp_deberta_42/base_32_5e-05_0.01/peft_mrlora_16_0.05_8/metrics.json
lora,qqp,deberta,42,olora,olora,2,eval_accuracy,0.9044274053920356,0.29645,799.3216,761.630208,761.630208,4766.826496,4766.826496,1365.581,10.67,7.20602182629458e+16,8,16,0.05,"[8, 4, 2, 1]",deberta,results/lora/task_qqp_deberta_42/base_32_5e-05_0.01/peft_olora_16_0.05_8/metrics.json
lora,qqp,deberta,42,rslora,rslora,2,eval_accuracy,0.9088300766757358,0.29645,904.5281,761.630208,761.630208,4766.826496,4766.826496,1206.749,9.429,7.20602182629458e+16,8,16,0.05,"[8, 4, 2, 1]",deberta,results/lora/task_qqp_deberta_42/base_32_5e-05_0.01/peft_rslora_16_0.05_8/metrics.json
lora,rte,deberta,123,adalora,adalora,2,eval_accuracy,0.5270758122743683,0.444194,8.7369,764.0263680000002,764.026368,4764.729344,4764.729344,854.999,6.867,507802388791296.0,8,16,0.05,"[8, 4, 2, 1]",deberta,results/lora/task_rte_deberta_123/base_32_5e-05_0.01/peft_adalora_16_0.05_8/metrics.json
lora,rte,deberta,123,dora,dora,2,eval_accuracy,0.5270758122743683,0.314882,8.4347,761.912832,761.912832,5158.99392,5158.99392,885.629,7.113,507039512002560.0,8,16,0.05,"[8, 4, 2, 1]",deberta,results/lora/task_rte_deberta_123/base_32_5e-05_0.01/peft_dora_16_0.05_8/metrics.json
lora,rte,deberta,123,lora,lora,2,eval_accuracy,0.5270758122743683,0.29645,6.7097,762.41664,762.41664,4779.409408,4779.409408,1113.306,8.942,506930795642880.0,8,16,0.05,"[8, 4, 2, 1]",deberta,results/lora/task_rte_deberta_123/base_32_5e-05_0.01/peft_lora_16_0.05_8/metrics.json
lora,rte,deberta,123,mrlora,mrlora,2,eval_accuracy,0.5270758122743683,0.554594,12.6002,765.421056,765.421056,6157.238272,6157.238272,592.848,4.762,508453428658176.0,8,16,0.05,"[8, 4, 2, 1]",deberta,results/lora/task_rte_deberta_123/base_32_5e-05_0.01/peft_mrlora_16_0.05_8/metrics.json
lora,rte,deberta,123,olora,olora,2,eval_accuracy,0.5270758122743683,0.29645,6.685,761.630208,761.630208,4766.826496,4766.826496,1117.428,8.975,506930795642880.0,8,16,0.05,"[8, 4, 2, 1]",deberta,results/lora/task_rte_deberta_123/base_32_5e-05_0.01/peft_olora_16_0.05_8/metrics.json
lora,rte,deberta,123,rslora,rslora,2,eval_accuracy,0.5270758122743683,0.29645,6.6001,761.630208,761.630208,4766.826496,4766.826496,1131.798,9.091,506930795642880.0,8,16,0.05,"[8, 4, 2, 1]",deberta,results/lora/task_rte_deberta_123/base_32_5e-05_0.01/peft_rslora_16_0.05_8/metrics.json
lora,rte,deberta,2024,adalora,adalora,2,eval_accuracy,0.5270758122743683,0.444194,10.4565,764.0263680000002,764.026368,4789.895168,4789.895168,714.389,5.738,507802388791296.0,8,16,0.05,"[8, 4, 2, 1]",deberta,results/lora/task_rte_deberta_2024/base_32_5e-05_0.01/peft_adalora_16_0.05_8/metrics.json
lora,rte,deberta,2024,dora,dora,2,eval_accuracy,0.5270758122743683,0.314882,10.2587,761.912832,761.912832,5133.828096,5133.828096,728.162,5.849,507039512002560.0,8,16,0.05,"[8, 4, 2, 1]",deberta,results/lora/task_rte_deberta_2024/base_32_5e-05_0.01/peft_dora_16_0.05_8/metrics.json
lora,rte,deberta,2024,lora,lora,2,eval_accuracy,0.5270758122743683,0.29645,8.3381,762.41664,762.41664,4779.409408,4779.409408,895.887,7.196,506930795642880.0,8,16,0.05,"[8, 4, 2, 1]",deberta,results/lora/task_rte_deberta_2024/base_32_5e-05_0.01/peft_lora_16_0.05_8/metrics.json
lora,rte,deberta,2024,olora,olora,2,eval_accuracy,0.6967509025270758,0.29645,8.3942,761.630208,761.630208,4766.826496,4766.826496,889.9,7.148,506930795642880.0,8,16,0.05,"[8, 4, 2, 1]",deberta,results/lora/task_rte_deberta_2024/base_32_5e-05_0.01/peft_olora_16_0.05_8/metrics.json
lora,rte,deberta,2024,rslora,rslora,2,eval_accuracy,0.7003610108303249,0.29645,7.6855,761.630208,761.630208,4766.826496,4766.826496,971.959,7.807,506930795642880.0,8,16,0.05,"[8, 4, 2, 1]",deberta,results/lora/task_rte_deberta_2024/base_32_5e-05_0.01/peft_rslora_16_0.05_8/metrics.json
lora,rte,deberta,42,adalora,adalora,2,eval_accuracy,0.5270758122743683,0.444194,9.0506,764.0263680000002,764.026368,4802.47808,4802.47808,825.357,6.629,507802388791296.0,8,16,0.05,"[8, 4, 2, 1]",deberta,results/lora/task_rte_deberta_42/base_32_5e-05_0.01/peft_adalora_16_0.05_8/metrics.json
lora,rte,deberta,42,dora,dora,2,eval_accuracy,0.5270758122743683,0.314882,9.0037,761.912832,761.912832,5133.828096,5133.828096,829.662,6.664,507039512002560.0,8,16,0.05,"[8, 4, 2, 1]",deberta,results/lora/task_rte_deberta_42/base_32_5e-05_0.01/peft_dora_16_0.05_8/metrics.json
lora,rte,deberta,42,lora,lora,2,eval_accuracy,0.5270758122743683,0.29645,6.9349,761.630208,761.630208,4766.826496,4766.826496,1077.154,8.652,506930795642880.0,8,16,0.05,"[8, 4, 2, 1]",deberta,results/lora/task_rte_deberta_42/base_32_5e-05_0.01/peft_lora_16_0.05_8/metrics.json
lora,rte,deberta,42,mrlora,mrlora,2,eval_accuracy,0.631768953068592,0.554594,13.376,765.421056,765.421056,6157.238272,6157.238272,558.463,4.486,508453428658176.0,8,16,0.05,"[8, 4, 2, 1]",deberta,results/lora/task_rte_deberta_42/base_32_5e-05_0.01/peft_mrlora_16_0.05_8/metrics.json
lora,rte,deberta,42,olora,olora,2,eval_accuracy,0.5776173285198556,0.29645,6.8891,761.630208,761.630208,4766.826496,4766.826496,1084.328,8.709,506930795642880.0,8,16,0.05,"[8, 4, 2, 1]",deberta,results/lora/task_rte_deberta_42/base_32_5e-05_0.01/peft_olora_16_0.05_8/metrics.json
lora,rte,deberta,42,rslora,rslora,2,eval_accuracy,0.6425992779783394,0.29645,6.6865,761.630208,761.630208,4766.826496,4766.826496,1117.181,8.973,506930795642880.0,8,16,0.05,"[8, 4, 2, 1]",deberta,results/lora/task_rte_deberta_42/base_32_5e-05_0.01/peft_rslora_16_0.05_8/metrics.json
lora,sst2,deberta,123,adalora,adalora,2,eval_accuracy,0.930045871559633,0.444194,248.1145,764.0263680000002,764.026368,4764.729344,4764.729344,814.33,6.372,1.3380592922001408e+16,8,16,0.05,"[8, 4, 2, 1]",deberta,results/lora/task_sst2_deberta_123/base_32_5e-05_0.01/peft_adalora_16_0.05_8/metrics.json
lora,sst2,deberta,123,dora,dora,2,eval_accuracy,0.9518348623853211,0.314882,240.0711,761.912832,761.912832,5133.828096,5133.828096,841.613,6.586,1.336049166974976e+16,8,16,0.05,"[8, 4, 2, 1]",deberta,results/lora/task_sst2_deberta_123/base_32_5e-05_0.01/peft_dora_16_0.05_8/metrics.json
lora,sst2,deberta,123,lora,lora,2,eval_accuracy,0.948394495412844,0.29645,181.6049,762.41664,762.41664,4779.409408,4779.409408,1112.564,8.706,1.3357627194998784e+16,8,16,0.05,"[8, 4, 2, 1]",deberta,results/lora/task_sst2_deberta_123/base_32_5e-05_0.01/peft_lora_16_0.05_8/metrics.json
lora,sst2,deberta,123,mrlora,mrlora,2,eval_accuracy,0.9575688073394495,0.554594,914.3745,765.873152,765.873152,6169.821184,6169.821184,220.967,3.455,1.3385035797233664e+16,8,16,0.05,"[8, 4, 2, 1]",deberta,results/lora/task_sst2_deberta_123/base_32_5e-05_0.01/peft_mrlora_16_0.05_8/metrics.json
lora,sst2,deberta,123,olora,olora,2,eval_accuracy,0.9518348623853211,0.29645,193.1785,761.630208,761.630208,4766.826496,4766.826496,1045.908,8.184,1.3357627194998784e+16,8,16,0.05,"[8, 4, 2, 1]",deberta,results/lora/task_sst2_deberta_123/base_32_5e-05_0.01/peft_olora_16_0.05_8/metrics.json
lora,sst2,deberta,123,rslora,rslora,2,eval_accuracy,0.9541284403669725,0.29645,191.6037,761.630208,761.630208,4766.826496,4766.826496,1054.505,8.251,1.3357627194998784e+16,8,16,0.05,"[8, 4, 2, 1]",deberta,results/lora/task_sst2_deberta_123/base_32_5e-05_0.01/peft_rslora_16_0.05_8/metrics.json
lora,sst2,deberta,42,adalora,adalora,2,eval_accuracy,0.9254587155963303,0.444194,208.8275,764.0263680000002,764.026368,4764.729344,4764.729344,967.531,7.571,1.3380592922001408e+16,8,16,0.05,"[8, 4, 2, 1]",deberta,results/lora/task_sst2_deberta_42/base_32_5e-05_0.01/peft_adalora_16_0.05_8/metrics.json
lora,sst2,deberta,42,dora,dora,2,eval_accuracy,0.9529816513761468,0.314882,203.2817,761.912832,761.912832,5133.828096,5133.828096,993.926,7.777,1.336049166974976e+16,8,16,0.05,"[8, 4, 2, 1]",deberta,results/lora/task_sst2_deberta_42/base_32_5e-05_0.01/peft_dora_16_0.05_8/metrics.json
lora,sst2,deberta,42,lora,lora,2,eval_accuracy,0.9518348623853211,0.29645,160.343,762.41664,762.41664,4779.409408,4779.409408,1260.092,9.86,1.3357627194998784e+16,8,16,0.05,"[8, 4, 2, 1]",deberta,results/lora/task_sst2_deberta_42/base_32_5e-05_0.01/peft_lora_16_0.05_8/metrics.json
lora,sst2,deberta,42,mrlora,mrlora,2,eval_accuracy,0.9575688073394495,0.554594,316.727,765.554688,765.554688,6153.043968000001,6153.043968,637.922,4.992,1.3397747558252544e+16,8,16,0.05,"[8, 4, 2, 1]",deberta,results/lora/task_sst2_deberta_42/base_32_5e-05_0.01/peft_mrlora_16_0.05_8/metrics.json
lora,sst2,deberta,42,olora,olora,2,eval_accuracy,0.9541284403669725,0.29645,159.0092,761.630208,761.630208,4766.826496,4766.826496,1270.662,9.943,1.3357627194998784e+16,8,16,0.05,"[8, 4, 2, 1]",deberta,results/lora/task_sst2_deberta_42/base_32_5e-05_0.01/peft_olora_16_0.05_8/metrics.json
lora,sst2,deberta,42,rslora,rslora,2,eval_accuracy,0.9506880733944955,0.29645,159.867,761.630208,761.630208,4766.826496,4766.826496,1263.844,9.889,1.3357627194998784e+16,8,16,0.05,"[8, 4, 2, 1]",deberta,results/lora/task_sst2_deberta_42/base_32_5e-05_0.01/peft_rslora_16_0.05_8/metrics.json
lora,stsb,deberta,42,adalora,adalora,2,eval_pearson,0.08840990265036949,0.443425,22.0578,764.011008,764.011008,4802.47808,4802.47808,781.899,6.12,1142534952714240.0,8,16,0.05,"[8, 4, 2, 1]",deberta,results/lora/task_stsb_deberta_42/base_32_5e-05_0.01/peft_adalora_16_0.05_8/metrics.json
lora,stsb,deberta,42,dora,dora,2,eval_pearson,0.8054098120046435,0.314113,21.343,761.897472,761.897472,5133.828096,5133.828096,808.086,6.325,1140818542854144.0,8,16,0.05,"[8, 4, 2, 1]",deberta,results/lora/task_stsb_deberta_42/base_32_5e-05_0.01/peft_dora_16_0.05_8/metrics.json
lora,stsb,deberta,42,lora,lora,2,eval_pearson,0.8153856323164183,0.295681,18.4534,761.5011840000001,761.501184,4804.575232,4804.575232,934.624,7.316,1140573931044864.0,8,16,0.05,"[8, 4, 2, 1]",deberta,results/lora/task_stsb_deberta_42/base_32_5e-05_0.01/peft_lora_16_0.05_8/metrics.json
lora,stsb,deberta,42,mrlora,mrlora,2,eval_pearson,0.8610969349410484,0.553825,29.155,766.129152,766.129152,6174.015488,6174.015488,591.563,4.63,1143999804997632.0,8,16,0.05,"[8, 4, 2, 1]",deberta,results/lora/task_stsb_deberta_42/base_32_5e-05_0.01/peft_mrlora_16_0.05_8/metrics.json
lora,stsb,deberta,42,olora,olora,2,eval_pearson,0.8733486618086529,0.295681,17.4045,761.614848,761.614848,4766.826496,4766.826496,990.949,7.757,1140573931044864.0,8,16,0.05,"[8, 4, 2, 1]",deberta,results/lora/task_stsb_deberta_42/base_32_5e-05_0.01/peft_olora_16_0.05_8/metrics.json
lora,stsb,deberta,42,rslora,rslora,2,eval_pearson,0.8640104410588387,0.295681,16.135,761.614848,761.614848,4766.826496,4766.826496,1068.918,8.367,1140573931044864.0,8,16,0.05,"[8, 4, 2, 1]",deberta,results/lora/task_stsb_deberta_42/base_32_5e-05_0.01/peft_rslora_16_0.05_8/metrics.json
lora,wnli,deberta,123,adalora,adalora,2,eval_accuracy,0.5633802816901409,0.444194,2.499,764.0263680000002,764.026368,4802.47808,4802.47808,762.319,6.003,126950597197824.0,8,16,0.05,"[8, 4, 2, 1]",deberta,results/lora/task_wnli_deberta_123/base_32_5e-05_0.01/peft_adalora_16_0.05_8/metrics.json
lora,wnli,deberta,123,dora,dora,2,eval_accuracy,0.5633802816901409,0.314882,2.4192,761.912832,761.912832,5133.828096,5133.828096,787.44,6.2,126759878000640.0,8,16,0.05,"[8, 4, 2, 1]",deberta,results/lora/task_wnli_deberta_123/base_32_5e-05_0.01/peft_dora_16_0.05_8/metrics.json
lora,wnli,deberta,123,lora,lora,2,eval_accuracy,0.5633802816901409,0.29645,2.0061,762.41664,762.41664,4779.409408,4779.409408,949.623,7.477,126732698910720.0,8,16,0.05,"[8, 4, 2, 1]",deberta,results/lora/task_wnli_deberta_123/base_32_5e-05_0.01/peft_lora_16_0.05_8/metrics.json
lora,wnli,deberta,123,mrlora,mrlora,2,eval_accuracy,0.5633802816901409,0.554594,3.4933,765.421056,765.421056,6157.238272,6157.238272,545.33,4.294,127113357164544.0,8,16,0.05,"[8, 4, 2, 1]",deberta,results/lora/task_wnli_deberta_123/base_32_5e-05_0.01/peft_mrlora_16_0.05_8/metrics.json
lora,wnli,deberta,123,olora,olora,2,eval_accuracy,0.5633802816901409,0.29645,1.9212,761.630208,761.630208,4766.826496,4766.826496,991.588,7.808,126732698910720.0,8,16,0.05,"[8, 4, 2, 1]",deberta,results/lora/task_wnli_deberta_123/base_32_5e-05_0.01/peft_olora_16_0.05_8/metrics.json
lora,wnli,deberta,123,rslora,rslora,2,eval_accuracy,0.5633802816901409,0.29645,1.9794,761.630208,761.630208,4766.826496,4766.826496,962.432,7.578,126732698910720.0,8,16,0.05,"[8, 4, 2, 1]",deberta,results/lora/task_wnli_deberta_123/base_32_5e-05_0.01/peft_rslora_16_0.05_8/metrics.json
lora,wnli,deberta,2024,adalora,adalora,2,eval_accuracy,0.49295774647887325,0.444194,2.8899,764.0263680000002,764.026368,4764.729344,4764.729344,659.203,5.191,126950597197824.0,8,16,0.05,"[8, 4, 2, 1]",deberta,results/lora/task_wnli_deberta_2024/base_32_5e-05_0.01/peft_adalora_16_0.05_8/metrics.json
lora,wnli,deberta,2024,dora,dora,2,eval_accuracy,0.5633802816901409,0.314882,2.8478,761.912832,761.912832,5158.99392,5158.99392,668.937,5.267,126759878000640.0,8,16,0.05,"[8, 4, 2, 1]",deberta,results/lora/task_wnli_deberta_2024/base_32_5e-05_0.01/peft_dora_16_0.05_8/metrics.json
lora,wnli,deberta,2024,lora,lora,2,eval_accuracy,0.5633802816901409,0.29645,2.3748,762.41664,762.41664,4779.409408,4779.409408,802.18,6.316,126732698910720.0,8,16,0.05,"[8, 4, 2, 1]",deberta,results/lora/task_wnli_deberta_2024/base_32_5e-05_0.01/peft_lora_16_0.05_8/metrics.json
lora,wnli,deberta,2024,olora,olora,2,eval_accuracy,0.5633802816901409,0.29645,2.3,761.630208,761.630208,4766.826496,4766.826496,828.248,6.522,126732698910720.0,8,16,0.05,"[8, 4, 2, 1]",deberta,results/lora/task_wnli_deberta_2024/base_32_5e-05_0.01/peft_olora_16_0.05_8/metrics.json
lora,wnli,deberta,2024,rslora,rslora,2,eval_accuracy,0.5633802816901409,0.29645,2.1058,761.630208,761.630208,4766.826496,4766.826496,904.659,7.123,126732698910720.0,8,16,0.05,"[8, 4, 2, 1]",deberta,results/lora/task_wnli_deberta_2024/base_32_5e-05_0.01/peft_rslora_16_0.05_8/metrics.json
lora,wnli,deberta,42,adalora,adalora,2,eval_accuracy,0.5633802816901409,0.444194,2.4748,764.0263680000002,764.026368,4802.47808,4802.47808,769.765,6.061,126950597197824.0,8,16,0.05,"[8, 4, 2, 1]",deberta,results/lora/task_wnli_deberta_42/base_32_5e-05_0.01/peft_adalora_16_0.05_8/metrics.json
lora,wnli,deberta,42,dora,dora,2,eval_accuracy,0.5633802816901409,0.314882,2.6236,761.912832,761.912832,5133.828096,5133.828096,726.103,5.717,126759878000640.0,8,16,0.05,"[8, 4, 2, 1]",deberta,results/lora/task_wnli_deberta_42/base_32_5e-05_0.01/peft_dora_16_0.05_8/metrics.json
lora,wnli,deberta,42,lora,lora,2,eval_accuracy,0.5633802816901409,0.29645,2.7057,761.5104,761.5104,4804.575232,4804.575232,704.075,5.544,126732698910720.0,8,16,0.05,"[8, 4, 2, 1]",deberta,results/lora/task_wnli_deberta_42/base_32_5e-05_0.01/peft_lora_16_0.05_8/metrics.json
lora,wnli,deberta,42,mrlora,mrlora,2,eval_accuracy,0.5633802816901409,0.554594,3.577,766.790656,766.790656,6161.432576,6161.432576,532.569,4.193,127113357164544.0,8,16,0.05,"[8, 4, 2, 1]",deberta,results/lora/task_wnli_deberta_42/base_32_5e-05_0.01/peft_mrlora_16_0.05_8/metrics.json
lora,wnli,deberta,42,olora,olora,2,eval_accuracy,0.5633802816901409,0.29645,2.0202,761.630208,761.630208,4766.826496,4766.826496,942.962,7.425,126732698910720.0,8,16,0.05,"[8, 4, 2, 1]",deberta,results/lora/task_wnli_deberta_42/base_32_5e-05_0.01/peft_olora_16_0.05_8/metrics.json
lora,wnli,deberta,42,rslora,rslora,2,eval_accuracy,0.5633802816901409,0.29645,2.0039,761.630208,761.630208,4766.826496,4766.826496,950.63,7.485,126732698910720.0,8,16,0.05,"[8, 4, 2, 1]",deberta,results/lora/task_wnli_deberta_42/base_32_5e-05_0.01/peft_rslora_16_0.05_8/metrics.json
